{"stats":{"minecraft:picked_up":{"minecraft:oak_log":4},"minecraft:custom":{"minecraft:jump":111,"minecraft:time_since_rest":6000,"minecraft:sprint_one_cm":12387,"minecraft:play_time":6000,"minecraft:time_since_death":6000,"minecraft:walk_one_cm":4664,"minecraft:sneak_time":32,"minecraft:total_world_time":6000,"minecraft:fall_one_cm":2299,"minecraft:fly_one_cm":50986},"minecraft:mined":{"minecraft:oak_log":4,"minecraft:oak_leaves":1},"minecraft:used":{"minecraft:redstone_torch":1,"minecraft:tnt":1}},"DataVersion":3120}