{
  "minecraft:recipes/misc/charcoal": {
    "criteria": {
      "has_log": "2024-07-05 17:04:53 +0000"
    },
    "done": true
  },
  "minecraft:recipes/building_blocks/oak_planks": {
    "criteria": {
      "has_logs": "2024-07-05 17:04:53 +0000"
    },
    "done": true
  },
  "minecraft:recipes/redstone/repeater": {
    "criteria": {
      "has_redstone_torch": "2024-07-05 17:03:12 +0000"
    },
    "done": true
  },
  "minecraft:recipes/building_blocks/oak_wood": {
    "criteria": {
      "has_log": "2024-07-05 17:04:53 +0000"
    },
    "done": true
  },
  "minecraft:adventure/adventuring_time": {
    "criteria": {
      "minecraft:snowy_slopes": "2024-07-05 17:03:13 +0000",
      "minecraft:plains": "2024-07-05 17:01:43 +0000"
    },
    "done": false
  },
  "DataVersion": 3120
}